Titel,Notitie,URL,Labels,Reactie
,,,,
Green Bikes Verhuur & Tours,,https://www.google.com/maps/place/Green+Bikes+Verhuur+%26+Tours/data=!4m2!3m1!1s0x12a4a2f8bb387cc7:0xf3c276e5ba72ce85,,
DesignPlace,,https://www.google.com/maps/place/DesignPlace/data=!4m2!3m1!1s0x12a4a2f77a10099d:0xfbc2ca9b4b2331e8,,
Typographia,,https://www.google.com/maps/place/Typographia/data=!4m2!3m1!1s0x12a4a2f43274294f:0x6b961446f4ce9ab0,,
Handcrafted In Barcelona,,https://www.google.com/maps/place/Handcrafted+In+Barcelona/data=!4m2!3m1!1s0x12a4a2f832d7a1a5:0x29b2a3e3d3417b4,,
The LivingRoom Barcelona,,https://www.google.com/maps/place/The+LivingRoom+Barcelona/data=!4m2!3m1!1s0x12a4a2963ce276a9:0x7ec8641e42b1badd,,
Miscelanea,,https://www.google.com/maps/place/Miscelanea/data=!4m2!3m1!1s0x12a4a259ce27b489:0x7a6f099148a2749c,,
Guanteria i Complements Alonso,,https://www.google.com/maps/place/Guanteria+i+Complements+Alonso/data=!4m2!3m1!1s0x12a4a2f6d4697ab1:0x39ce006ec2301a24,,
Raima,,https://www.google.com/maps/place/Raima/data=!4m2!3m1!1s0x12a4a2f0bcade3cf:0xd6ead5d5daf2e7a6,,
